,name,real names,aliases,gender,charecter type,powers
0,Magneto,Max Eisenhardt,"Erik Magnus Lehnsherr, The Master of Magnetism, Max Eisenhardt, Prisoner #214782, The Creator, White Pilgrim, Erik the Red, Michael Xavier, Grey King, White King, The Devil",Male,Mutant,"Blast Power, Electricity Control, Electronic Disruption, Energy Manipulation, Energy Shield, Flight, Force Field, Gadgets, Gravity control, Intellect, Invulnerability, Leadership, Levitation, Longevity, Magnetism, Stamina, Super Strength, Unarmed Combat"
1,Joker,Unknown,"""Clown Prince of Crime , Harlequin of Hate, Public Enemy #1, Jack Napier, Mr. Rekoj, Nemesis of The Knight, The Bandit, Mr. Face Paint, Patient 0, Patient 223, Red Hood, Joe White, Jocund Jack of , Jocund Jack of All Crimes, Eric Border, Oberon Sexton, Red Hood One, The Clown at Midnight, Joseph Kerr, The Pale Man, Ivar Loxias, Liam Distal, Jerome Valeska, John Doe, Arthur Fleck, Gotham's Nutjob""",Male,Other,"Adaptive, Agility, Chameleon, Enhance Mutation, Escape Artist, Gadgets, Healing, Insanely Rich, Intellect, Leadership, Marksmanship, Stamina, Stealth, Unarmed Combat, Weapon Master"
2,Doctor Doom,Victor Von Doom,"Dr. Doom, Victor von Doom, The Master, The Baron of Iron, Invincible Man, The Apprentice, Hans, Lord Doom, Emperor Doom, Doom 2099, Sorcerer Supreme, Vincent Vaughn, Doom Rex, Count Otto von Doom, Otto the Handsome, Reed Richards, Norman McArthur, Victor Van Damme, Rabum Alal, The Black King, Great Destroyer",Male,Human,"Adaptive, Agility, Blast Power, Electricity Control, Electronic Disruption, Energy Absorption, Energy Based Constructs, Energy Manipulation, Energy Shield, Energy-Enhanced Strike, Escape Artist, Flight, Force Field, Gadgets, Genetic Manipulation, Holographic Projection, Hypnosis, Illusion Casting, Insanely Rich, Intellect, Invulnerability, Leadership, Levitation, Magic, Mesmerize, Necromancy, Omni-lingual, Possession, Power Item, Power Suit, Psionic, Psychic, Radar Sense, Siphon Abilities, Size Manipulation, Stamina, Stealth, Sub-Mariner, Super Hearing, Super Sight, Super Smell, Super Speed, Super Strength, Swordsmanship, Technopathy, Telekinesis, Teleport, Time Manipulation, Time Travel, Tracking, Unarmed Combat, Voice-induced Manipulation, Weapon Master, Willpower-Based Constructs"
3,Lex Luthor,Alexander Joseph Luthor,"Alexander Joseph Luthor, Alexander Luthor, Alexei Luthor, Alexis Luthor, Chrome-Dome, Mockingbird, Mr. Clean, Lex Luthor II, The Metropolis Mogul, President Luthor, Snapdragon, Icarus, God of Apokolips, Superman",Male,Human,"Blast Power, Energy Manipulation, Energy Shield, Flight, Force Field, Gadgets, Insanely Rich, Intellect, Leadership, Power Item, Power Suit, Radiation, Stamina, Super Strength, Unarmed Combat, Weapon Master"
4,Galactus,Galan,"Galan, Galen, Devourer of Worlds, Ravager of Planets, Ashta, Gah Lak Tus, The Uncreator, The Anti-God, Maker, Franklin Richards, The World-Eater, Big G, Sentience Of The Universe, Restorer of Worlds, The Planet Eater, Galaktus, Old Hunger, Lifebringer",Male,God/Eternal,"Astral Projection, Berserker Strength, Blast Power, Cosmic Awareness, Death Touch, Dimensional Manipulation, Divine Powers, Earth Manipulation, Energy Absorption, Energy Based Constructs, Energy Manipulation, Energy Shield, Energy-Enhanced Strike, Enhance Mutation, Feral, Flight, Force Field, Gadgets, Genetic Manipulation, Gravity control, Healing, Illusion Casting, Immortal, Intellect, Invulnerability, Leadership, Levitation, Light Projection, Longevity, Magic, Matter Absorption, Omni-lingual, Phasing / Ghost, Possession, Power Item, Power Suit, Probability Manipulation, Psionic, Psychic, Radiation, Reality Manpulation, Siphon Abilities, Siphon Lifeforce, Size Manipulation, Stamina, Super Eating, Super Hearing, Super Sight, Super Speed, Super Strength, Telekinesis, Telepathy, Teleport, Time Manipulation, Tracking, Unarmed Combat, Weather Control, Willpower-Based Constructs"
5,Darkseid,Uxas,"Dark Side, Boss Dark Side, Father, Uxas, Son Of Heggra, The God Of Apokolips, Dark Bringer, The Dark Lord, Lord Of The Omega Effect, Master of Darkness, Mr. Doug Side, Night-Lord, King of Apokolips, Alex Luthor, Baby Darkseid",Male,God/Eternal,"Animation, Astral Projection, Blast Power, Cosmic Awareness, Darkness Manipulation, Dimensional Manipulation, Divine Powers, Earth Manipulation, Energy Absorption, Energy Shield, Energy-Enhanced Strike, Feral, Flight, Force Field, Gadgets, Gravity control, Healing, Heat Generation, Heat Vision, Immortal, Insanely Rich, Intellect, Invulnerability, Leadership, Longevity, Marksmanship, Matter Absorption, Necromancy, Power Item, Power Mimicry, Psionic, Reality Manpulation, Siphon Lifeforce, Size Manipulation, Stamina, Super Sight, Super Speed, Super Strength, Telekinesis, Telepathy, Teleport, Tracking"
6,Ra's al Ghul,Ra's al Ghul,"""The Demon's Head, Messiah of the Crimson Sun, The Eternal One, Head of the Demon, Leland McCauley, Terry Gene Kase, Henri Ducard""",Male,Human,"Agility, Astral Projection, Escape Artist, Gadgets, Healing, Immortal, Insanely Rich, Intellect, Leadership, Longevity, Magic, Marksmanship, Necromancy, Possession, Stamina, Stealth, Swordsmanship, Unarmed Combat, Weapon Master"
7,Loki,Loki Laufeyson,"Lester, Gem-keeper, Tyfon, Gunnar Golmen, Son of Secrets, Maker of Mischief, The Sly One, Lie-Smith , God of Mischief, Serrure, Trickster, Ikol, Walter Lawson, Loren Olsen, Typhon, Father Williams, Willie, Tso , Scarlet Witch, Prince of Lies",Male,God/Eternal,"Agility, Animation, Astral Projection, Chameleon, Cosmic Awareness, Darkness Manipulation, Dimensional Manipulation, Divine Powers, Duplication, Earth Manipulation, Empathy, Energy Absorption, Energy Manipulation, Energy Shield, Flight, Force Field, Healing, Hypnosis, Illusion Casting, Immortal, Intellect, Invisibility, Invulnerability, Levitation, Longevity, Magic, Mesmerize, Power Item, Power Mimicry, Psionic, Radiation, Shape Shifter, Size Manipulation, Stamina, Stealth, Super Hearing, Super Sight, Super Speed, Super Strength, Swordsmanship, Telepathy, Teleport, Time Travel, Unarmed Combat, Wall Clinger, Weapon Master"
8,Phoenix Force,,"Chaos-Bringer, Guardian of Creation, Jean Grey, Dark Phoenix, Phalkon",Other,God/Eternal,"Blast Power, Cosmic Awareness, Dimensional Manipulation, Divine Powers, Empathy, Energy Absorption, Energy Manipulation, Enhance Mutation, Fire Control, Flight, Healing, Heat Generation, Immortal, Invulnerability, Longevity, Matter Absorption, Necromancy, Possession, Psionic, Psychic, Reality Manpulation, Size Manipulation, Super Speed, Telekinesis, Telepathy, Teleport, Time Manipulation"
9,Kingpin,Wilson Grant Fisk,"Dirigible, Harold Howard, Kingpin of Crime, The Boss, The Brainwasher, Wilson Grant Fisk, The King of Crime, Mayor Fisk",Male,Human,"Agility, Berserker Strength, Insanely Rich, Intellect, Leadership, Stamina, Super Strength, Swordsmanship, Unarmed Combat"
10,Catwoman,Selina Kyle,"Selina Kyle, Selina Falcone, Selina Wayne, Batwoman, Belinda, Elva Barr, Irena Dubrovna, Kitty Grimalkin, Madame Moderne, Marguerite Tone, Roxy Rocket, Sadie Kelowski, The Cat, The Cat Burglar , Catbird",Female,Human,"Agility, Animal Control, Claws, Escape Artist, Feral, Gadgets, Intellect, Leadership, Marksmanship, Stamina, Stealth, Tracking, Unarmed Combat, Wall Clinger, Weapon Master"
11,Two-Face,Harvey Dent,"""Harvey Dent, Multi-Face, Twoheaded, Apollo, Janus, Gotham's Protector, Harv, The Holiday, Handsome Harvey, Big Bad Harv, Gotham's White Knight, Harvey Kent, Binary Star, The Double Man, Mr. Apollo, Mr. Dionysus, Double Dog, Mister Dent, Duke of Duality, One-Face""",Male,Human,"Agility, Escape Artist, Intellect, Leadership, Marksmanship, Stamina, Stealth, Unarmed Combat, Weapon Master"
12,Norman Osborn,Norman Virgil Osborn,"Green Goblin, Iron Patriot, Scrier, Super-Adaptoid, Goblin King, Mason Banks, Grüner Kobold, Cletus Kasady, Red Goblin, Emerald Elf",Male,Human,"Adaptive, Agility, Blast Power, Flight, Gadgets, Healing, Insanely Rich, Intellect, Leadership, Marksmanship, Power Suit, Stamina, Stealth, Super Strength, Tracking, Unarmed Combat, Weapon Master"
13,Red Skull,Johann Schmidt,"Johann Schmidt, John Smith, Bettman P. Lyles, Cyrus Fenton, Dell Rusk, Der Rote Schädel, John Maxon, Joseph McRooter, Mr. Smith, Teacher, The Agent Of A Thousand Faces, Captain America, The Man, Tod March, Herr Schmidt, Red Onslaught, Black Skull",Male,Human,"Agility, Chameleon, Death Touch, Gadgets, Insanely Rich, Intellect, Leadership, Longevity, Marksmanship, Power Item, Stamina, Stealth, Tracking, Unarmed Combat, Weapon Master"
14,Sinestro,Thaal Sinestro,"Thaal Sinestro, The Renegade Green Lantern, The Fallen Lantern, Sinestro of Korugar, Saviour of Korugar, Green Lantern 1417, Yellow Lantern, White Lantern, Lantern Toris, The Bookkeeper, Parallax",Male,Alien,"Blast Power, Energy Absorption, Energy Based Constructs, Energy-Enhanced Strike, Flight, Force Field, Healing, Holographic Projection, Intellect, Leadership, Light Projection, Phasing / Ghost, Power Item, Stamina, Super Speed, Super Strength, Unarmed Combat, Willpower-Based Constructs"
15,Black Adam,Teth-Adam,"Teth-Adam, The Mighty Adam, Theo Adam, Khem-Adam, Mighty Adam, Shazam , Hassan Bari",Male,God/Eternal,"Agility, Berserker Strength, Blast Power, Divine Powers, Electricity Control, Energy Absorption, Flight, Healing, Immortal, Intellect, Invulnerability, Leadership, Longevity, Magic, Omni-lingual, Stamina, Super Hearing, Super Sight, Super Smell, Super Speed, Super Strength, Tracking, Unarmed Combat, Weather Control"
16,Brainiac,Vril Dox I,"Milton Fine, The Brain InterActive Construct, The Ender of Planets, The Super Computer of Knowledge, The Terror of Kandor, Vril Dox, The Colony of the Collector of Worlds, C.O.M.P.U.T.O., Pneumenoid, Mind, Internet, Milton Moses Fine",Other,God/Eternal,"Adaptive, Berserker Strength, Blast Power, Divine Powers, Electricity Control, Electronic Disruption, Electronic interaction, Energy Manipulation, Energy Shield, Escape Artist, Flight, Force Field, Gadgets, Healing, Implants, Intellect, Invulnerability, Longevity, Omni-lingual, Power Suit, Psionic, Psychic, Shape Shifter, Siphon Abilities, Stamina, Super Speed, Super Strength, Technopathy, Telekinesis, Telepathy, Teleport, Time Travel, Weapon Master"
17,Mystique,Raven Darkholme,"Raven Darkholme, Foxx, Helmut Stein, B. Byron Biggs, Surge, Holt Adler, Ronnie Lake , Raven Wagner, Mr. Raven, Leni Zauber, Randy Green, Amichai Benvenisti, Mallory Brickman",Female,Mutant,"Adaptive, Agility, Chameleon, Claws, Elasticity, Escape Artist, Healing, Insanely Rich, Intellect, Leadership, Longevity, Marksmanship, Shape Shifter, Stamina, Stealth, Tracking, Unarmed Combat, Weapon Master"
18,Juggernaut,Cain Marko,"Cain Marko, The Unstoppable Juggernaut, Kuurth: Breaker of Stone, Exemplar of Physical Power, Captain Universe, The Living Juggernaut",Male,Human,"Berserker Strength, Divine Powers, Energy Absorption, Force Field, Healing, Immortal, Inertia Absorption, Invulnerability, Longevity, Magic, Power Item, Power Suit, Stamina, Super Speed, Super Strength, Unarmed Combat"
19,Bullseye,Lester,"""Lester Poindexter, Leonard, Benjamin Pondexter, Daredevil, Hawkeye, Bull's Eye, Shelton Pendergrass, The Man Without Mercy, The Man Who Never Misses, Lester Jangles, Leonard McClain""",Male,Human,"Agility, Escape Artist, Gadgets, Implants, Insanely Rich, Intellect, Leadership, Marksmanship, Stamina, Stealth, Swordsmanship, Unarmed Combat, Weapon Master"
20,Ozymandias,Adrian Alexander Veidt,"""Adrian Veidt, Ozzy, Veidt, The World's Smartest Man""",Male,Human,"Adaptive, Agility, Gadgets, Insanely Rich, Intellect, Leadership, Stamina, Unarmed Combat"
21,Venom,None,"""Alien costume, Spider-Man's Black costume, Spider-Man, Sinister Spider-Man, Lethal Protector, Mac Gargan, Eddie Brock, Angelo Fortunato, Anne Weying, Patricia Robertson, Normie Osborn, May Parker, Peter Parker, May Parker, Kron Stone, Carol Danvers, Flash Thompson , Venom Symbiote, Parasite""",Male,Alien,"Adaptive, Agility, Berserker Strength, Chameleon, Claws, Danger Sense, Elasticity, Empathy, Enhance Mutation, Escape Artist, Feral, Healing, Intellect, Invulnerability, Matter Absorption, Possession, Power Mimicry, Shape Shifter, Siphon Abilities, Siphon Lifeforce, Size Manipulation, Stamina, Stealth, Super Eating, Super Speed, Super Strength, Telepathy, Tracking, Unarmed Combat, Wall Clinger, Webslinger"
22,Ultron,Ultron,"Crimson Cowl, The Space Knight, The Vision, Turino XL, Ultron-5, Ultron-6, Ultron-7, Ultron-8, Ultron-11, Ultron-12, Ultron-Mark 12, Ultron-13, Ultron-14, Ultron-15, Ultron Pym, Hank Pym",Male,Robot,"Adaptive, Agility, Blast Power, Electronic Disruption, Electronic interaction, Energy Absorption, Energy Shield, Flight, Force Field, Gadgets, Healing, Heat Vision, Hypnosis, Immortal, Implants, Intellect, Invulnerability, Leadership, Mesmerize, Radar Sense, Shape Shifter, Size Manipulation, Stamina, Stealth, Super Hearing, Super Sight, Super Strength, Technopathy, Tracking, Unarmed Combat, Vibration Wave, Weapon Master, Wind Bursts"
23,Apocalypse,En Sabah Nur,"The Eternal One, The Immortal , The First One, High Lord, Set, Kali-Ma, Beast Child, Child of Destiny, Forever Walker, He Who Never Dies, Huitzilopochtli, Master of Lies, Son of the Morning Fire, The Bringer of Chaos, En Sabah Nur",Male,Mutant,"Adaptive, Agility, Astral Projection, Berserker Strength, Blast Power, Blood Control, Cosmic Awareness, Density Control, Duplication, Elasticity, Energy Absorption, Energy Manipulation, Energy Shield, Energy-Enhanced Strike, Enhance Mutation, Flight, Force Field, Gadgets, Genetic Manipulation, Healing, Immortal, Implants, Intellect, Invulnerability, Leadership, Levitation, Longevity, Omni-lingual, Phasing / Ghost, Possession, Power Suit, Psionic, Psychic, Shape Shifter, Size Manipulation, Stamina, Sub-Mariner, Super Speed, Super Strength, Swordsmanship, Technopathy, Telekinesis, Telepathy, Teleport, Unarmed Combat, Voice-induced Manipulation, Weapon Master, Wind Bursts"
24,Bizarro,El-Kal,"Bizarro #1, Bizarro-Superman, The Thing of Steel, The Imperfect Superman, B-0, B-Zero",Male,Other,"Blast Power, Duplication, Energy Absorption, Flame Breath, Flight, Healing, Ice Control, Invulnerability, Stamina, Super Hearing, Super Sight, Super Smell, Super Speed, Super Strength, Unarmed Combat, Wind Bursts"
25,N/A,N/A,,N/A,N/A,
26,Captain Cold,Leonard Snart,"Citizen Cold, Kid Kold, Len Snart, Leonard Snart, Leonards Wynters, The Man Who Mastered Absolute Zero",Male,Human,"Blast Power, Force Field, Gadgets, Ice Control, Intellect, Leadership, Marksmanship, Power Item, Stealth, Unarmed Combat, Weapon Master"
27,Doctor Octopus,Otto Gunther Octavius,"Otto Octavius, Doc Ock, Doctor Octavius, Dr. Octopus, Spider-Man, Superior Spider-Man, The Master Planner, The Master Programmer, Peter Parker, Otto Gunther Octavius, Superior Octopus",Male,Human,"Agility, Claws, Danger Sense, Gadgets, Implants, Intellect, Leadership, Power Item, Power Suit, Psychic, Radar Sense, Stamina, Super Speed, Super Strength, Technopathy, Unarmed Combat, Wall Clinger, Webslinger, Wind Bursts"
28,Mr. Sinister,Nathaniel Essex,"Mister Sinister, Dr. Nathaniel Essex, Nathan Milbury, Michael Milbury, Arnold Bocklin, Dr. Robert Windsor, Steven Shaffran, Edmond Atkinson, Nosferatu, Apocalypse, Pale Man, Robert Windsor, Administrator Pearson",Male,Mutant,"Adaptive, Agility, Blast Power, Chameleon, Density Control, Force Field, Genetic Manipulation, Healing, Immortal, Insanely Rich, Intellect, Leadership, Psionic, Psychic, Shape Shifter, Stamina, Stealth, Super Speed, Super Strength, Telekinesis, Telepathy, Teleport"
29,General Zod,Dru-Zod,"Dru-Zod, Zod, Avruskin , Superman, Im-Zod, General",Male,Alien,"Agility, Berserker Strength, Cosmic Awareness, Feral, Flight, Healing, Heat Vision, Ice Breath, Intellect, Invulnerability, Leadership, Longevity, Marksmanship, Stamina, Super Hearing, Super Sight, Super Smell, Super Speed, Super Strength, Time Manipulation, Unarmed Combat, Wind Bursts"
30,Eobard Thawne,Eobard Thawne,"Reverse Flash, Adrian Zoom , Renegade Flash, Harrison Wells, Professor Zoom",Male,Human,"Agility, Blast Power, Cosmic Awareness, Death Touch, Density Control, Electronic Disruption, Energy Manipulation, Force Field, Healing, Heat Generation, Hypnosis, Immortal, Insanely Rich, Intellect, Leadership, Longevity, Magnetism, Phasing / Ghost, Possession, Postcognition, Reality Manpulation, Shape Shifter, Siphon Lifeforce, Stamina, Stealth, Super Speed, Super Strength, Time Manipulation, Time Travel, Unarmed Combat, Vibration Wave, Voice-induced Manipulation, Wind Bursts"
31,Deathstroke,Slade Joseph Wilson,"Deathstroke the Terminator, Slade Wilson, The Balkan, Raptor, Twilight, Mr. Spears",Male,Human,"Adaptive, Agility, Berserker Strength, Cosmic Awareness, Danger Sense, Enhance Mutation, Escape Artist, Gadgets, Healing, Hellfire Control, Immortal, Implants, Insanely Rich, Intellect, Leadership, Longevity, Marksmanship, Power Item, Power Mimicry, Power Suit, Psychometry, Siphon Lifeforce, Stamina, Stealth, Super Hearing, Super Sight, Super Smell, Super Speed, Super Strength, Swordsmanship, Time Manipulation, Tracking, Unarmed Combat, Voice-induced Manipulation, Weapon Master"
32,Cyborg Superman,Hank Henshaw,"The Inventor, The Cyborg, Highmaster, Grandmaster, Alpha-Prime, Superman, Commander Hank Henshaw",Male,God/Eternal,"Adaptive, Astral Projection, Berserker Strength, Blast Power, Cosmic Awareness, Darkness Manipulation, Electronic interaction, Energy Based Constructs, Energy Shield, Feral, Flight, Healing, Heat Vision, Immortal, Implants, Intellect, Invulnerability, Matter Absorption, Phasing / Ghost, Power Item, Power Mimicry, Reality Manpulation, Shape Shifter, Stamina, Super Hearing, Super Sight, Super Speed, Super Strength, Technopathy, Time Manipulation, Unarmed Combat, Weather Control, Willpower-Based Constructs"
33,Bane,,"The Man Who Broke the Bat, Antonio Diego, The Masked Man, Ubu, Batman",Male,God/Eternal,"Agility, Berserker Strength, Darkforce Manipulation, Energy Absorption, Escape Artist, Feral, Gadgets, Healing, Immortal, Intellect, Invulnerability, Leadership, Longevity, Matter Absorption, Power Mimicry, Size Manipulation, Stamina, Stealth, Super Speed, Super Strength, Time Manipulation, Unarmed Combat, Weapon Master, Weather Control"
34,Gorilla Grodd,Grodd,"Drew Drowden, General Grodd, Grodd of War, William Dawson, Super-Gorilla",Male,Animal,"Agility, Animal Control, Blast Power, Feral, Hypnosis, Intellect, Invulnerability, Leadership, Possession, Psionic, Psychic, Super Hearing, Super Speed, Super Strength, Telekinesis, Telepathy, Unarmed Combat, Voice-induced Manipulation"
35,Vandal Savage,Vandar Adg,"""Blackbeard, Cain, Dr. Curtis Knox, Genghis Khan, General Savage, Jack the Ripper, Jon Savage, Julius Caesar, Marshal Sauvage, Mr. DeWitt, Khafre, Kr'ull, Licinius, Death Masque, The Greatest of the Caesars, The Most Brutal of the Khans, Vandar the Killer, Varney Sack, Head Chief""",Male,Human,"Healing, Immortal, Insanely Rich, Intellect, Invulnerability, Leadership, Longevity, Power Suit, Stamina, Super Strength, Swordsmanship, Unarmed Combat, Weapon Master"
36,Zoom,Hunter Zolomon,"Hunter Zolomon, Reverse Flash, Zoom, Judge, Flash",Male,Human,"Agility, Energy-Enhanced Strike, Healing, Heat Generation, Intellect, Longevity, Phasing / Ghost, Sonic Scream, Stamina, Stealth, Super Strength, Time Manipulation, Time Travel, Unarmed Combat, Vibration Wave"
37,N/A,N/A,,N/A,N/A,
38,Shredder,Oroku Saki,"""Oroku Saki, Ch'rell, Shred Head, Super Shredder, Utrom Shredder, Cyber Shredder, Shredhead, Metal Mouth, Bucket Head, Tin Teeth, Bucket Breath, Metal Head, Tengu Shredder, Master Shredder, Takeshi Tatsuo""",Male,Other,"Adaptive, Agility, Claws, Escape Artist, Gadgets, Insanely Rich, Intellect, Leadership, Marksmanship, Stamina, Stealth, Swordsmanship, Tracking, Unarmed Combat, Weapon Master"
39,Baron Helmut Zemo,Helmut J. Zemo,"Phoenix, Baron Zemo, Citizen V, John Watkins III, Iron Cross",Male,Human,"Agility, Blast Power, Energy Manipulation, Flight, Gadgets, Genetic Manipulation, Gravity control, Intellect, Leadership, Longevity, Marksmanship, Phasing / Ghost, Possession, Power Item, Stealth, Swordsmanship, Unarmed Combat, Weapon Master"
40,Mongul,Mongul II,"Mongul II, Mongul of Debstam IV, Mongul the Lesser, Mongul Jr, Lord of War World",Male,Alien,"Agility, Berserker Strength, Blast Power, Energy Based Constructs, Feral, Flight, Force Field, Gadgets, Intellect, Invulnerability, Leadership, Longevity, Power Item, Stamina, Super Speed, Super Strength, Telekinesis, Telepathy, Teleport, Unarmed Combat, Weapon Master, Willpower-Based Constructs"
41,Talia al Ghul,Talia al Ghul,"""Talia Head, Daughter of the Demon, Talia Demon, The Demon's Head, Leviathan, Miranda Tate, Kali, Tiamat, Medusa, Wire Mommy, Red Queen, Mother of Skeletons""",Female,Human,"Agility, Gadgets, Immortal, Insanely Rich, Intellect, Leadership, Longevity, Marksmanship, Stamina, Stealth, Swordsmanship, Unarmed Combat, Weapon Master"
42,Deadshot,Floyd Lawton,"""Floyd Lawton, The World's Finest Assassin, The Man Who Never Misses, The Greatest Sniper on Earth""",Male,Human,"Agility, Escape Artist, Gadgets, Leadership, Marksmanship, Power Suit, Stamina, Stealth, Super Sight, Tracking, Unarmed Combat, Weapon Master"
43,Sabretooth,Victor Creed,"Victor Creed, Mr. Creed, Slasher, Der Schlächter, Butcher, Silver Sabretooth, El Tigre, Wolverine, Logan Creed, Weapon S",Male,God/Eternal,"Adaptive, Agility, Berserker Strength, Claws, Darkness Manipulation, Dimensional Manipulation, Divine Powers, Escape Artist, Feral, Genetic Manipulation, Healing, Immortal, Implants, Intellect, Invisibility, Invulnerability, Longevity, Marksmanship, Omni-lingual, Possession, Power Mimicry, Reality Manpulation, Stamina, Stealth, Super Hearing, Super Sight, Super Smell, Super Strength, Time Manipulation, Tracking, Unarmed Combat"
44,Harley Quinn,Harleen Frances Quinzel,"Dr. Holly Chance, Dr. Jessica Seaborn, Lee Harkwin, Holly Quinn, Harleen Frances Quinzel, Harriet Shankar, GG Harlin, Kevlar Vest Girl",Female,Human,"Agility, Escape Artist, Gadgets, Healing, Intellect, Leadership, Marksmanship, Stamina, Stealth, Super Strength, Swordsmanship, Tracking, Unarmed Combat, Weapon Master"
45,Doomsday,Unknown,"Armagedon Creature, Armageddon Agent, The Ultimate Lifeform, The Ultimate Survivor, Death, A Walking War Machine, Killer of Superman, Davis Bloome, Living Doom",Male,Alien,"Adaptive, Agility, Berserker Strength, Claws, Controlled Bone Growth, Energy Manipulation, Enhance Mutation, Feral, Flame Breath, Flight, Genetic Manipulation, Healing, Heat Vision, Immortal, Intellect, Invulnerability, Leadership, Longevity, Power Mimicry, Sense Death, Sonic Scream, Stamina, Stealth, Super Hearing, Super Sight, Super Smell, Super Speed, Super Strength, Swordsmanship, Technopathy, Tracking, Unarmed Combat, Vibration Wave"
46,Thanos,Dione,"The Mad Titan, Avatar of Death, Masterlord, The Overmaster, The God of Death, The All-Father, Prune Chin, Purple Puss, Ultimate Nihilist, Dione",Male,God/Eternal,"Adaptive, Animal Control, Animation, Astral Projection, Berserker Strength, Blast Power, Cosmic Awareness, Darkness Manipulation, Death Touch, Density Control, Dimensional Manipulation, Divine Powers, Duplication, Electronic Disruption, Energy Absorption, Energy Manipulation, Energy Shield, Energy-Enhanced Strike, Feral, Force Field, Gadgets, Genetic Manipulation, Healing, Heat Vision, Hellfire Control, Immortal, Intellect, Invulnerability, Leadership, Magic, Matter Absorption, Omni-lingual, Phasing / Ghost, Power Item, Power Mimicry, Psionic, Psychic, Reality Manpulation, Siphon Abilities, Stamina, Super Speed, Super Strength, Swordsmanship, Telekinesis, Telepathy, Teleport, Time Manipulation, Unarmed Combat, Willpower-Based Constructs"
47,Mephisto,Mephisto,"Mephistopheles, The Devil, The Lord Of Lies, Avarrish, Mr. Church, Lord of Evil, Prince of Devils, Satan, Beelzebub, The Friend, Lucifer, Maya, Prince of Lies, Ruler of Hell, Lord of the Damned, The First Deviant , The Fiend, ManFiszo, Miniphisto, Lord Mephisto, The Tracker, Bultar",Male,God/Eternal,"Adaptive, Animation, Astral Projection, Berserker Strength, Blast Power, Chameleon, Claws, Cosmic Awareness, Darkforce Manipulation, Darkness Manipulation, Dimensional Manipulation, Divine Powers, Earth Manipulation, Energy Absorption, Energy Manipulation, Energy-Enhanced Strike, Escape Artist, Feral, Fire Control, Flight, Force Field, Healing, Hellfire Control, Hypnosis, Illusion Casting, Immortal, Intellect, Invisibility, Invulnerability, Leadership, Levitation, Magic, Matter Absorption, Mesmerize, Necromancy, Phasing / Ghost, Poisonous, Possession, Postcognition, Power Mimicry, Precognition, Psionic, Psychic, Reality Manpulation, Sense Death, Shape Shifter, Siphon Lifeforce, Size Manipulation, Soul Absorption, Stamina, Stealth, Super Sight, Super Smell, Super Speed, Super Strength, Swordsmanship, Teleport, Time Manipulation, Tracking, Unarmed Combat"
48,Anti-Monitor,Mobius,"Monty, Mobius, Anti-God, The Destroyer",Male,God/Eternal,"Blast Power, Cosmic Awareness, Darkforce Manipulation, Darkness Manipulation, Dimensional Manipulation, Divine Powers, Energy Absorption, Energy Manipulation, Flight, Force Field, Genetic Manipulation, Healing, Heat Generation, Immortal, Intellect, Invulnerability, Matter Absorption, Power Suit, Reality Manpulation, Size Manipulation, Stamina, Super Eating, Super Strength, Telepathy, Teleport, Time Manipulation, Time Travel"
49,N/A,N/A,,N/A,N/A,
50,Penguin,Oswald Chesterfield Cobblepot,"Mr. Boniface, Ozzie, Abner, Sardine Breath, Mr. Cobblepot, Oswald Cobblepot, Pengy, The Man of a Thousand Umbrellas, Gentleman of Crime, Bird of Prey, Gobble-Gobble, Pengers, The Vulture, Foul-Feathered Fowl, The Grotesque Bird of Ill-Omen, The Blackbird of Banditry, The Buccaneer of Birds, The Pedantic Patriarch of Predators, Mayor Cobblepot, Oswald Chesterfield Cobblepot",Male,Human,"Adaptive, Agility, Animal Control, Escape Artist, Gadgets, Insanely Rich, Intellect, Leadership, Power Item, Stamina, Stealth, Swordsmanship, Unarmed Combat, Weapon Master"
51,Metallo,John Wayne Corben,"John Corben, Roger Corben, Transforming Terror, Metal-Zero, Metall-0",Male,Cyborg,"Agility, Blast Power, Flame Breath, Gadgets, Implants, Invulnerability, Radiation, Shape Shifter, Stamina, Sub-Mariner, Super Strength, Technopathy, Unarmed Combat, Weapon Master"
52,Kraven the Hunter,Sergei Kravinoff,"Spider-Man, The Spider, Huntsman",Male,Human,"Agility, Feral, Gadgets, Immortal, Longevity, Marksmanship, Stamina, Stealth, Super Hearing, Super Sight, Super Smell, Super Speed, Super Strength, Tracking, Unarmed Combat, Weapon Master"
53,Abomination,Emil Blonsky,"Emil Blonsky, Agent R-7, Tyrannus, The Ravager of Worlds, Blonsky, Chang Lam",Male,Radiation,"Adaptive, Agility, Berserker Strength, Claws, Feral, Healing, Intellect, Longevity, Marksmanship, Stamina, Sub-Mariner, Super Hearing, Super Sight, Super Speed, Super Strength, Unarmed Combat"
54,Sebastian Shaw,Sebastian Hiram Shaw,"Black King, Black Bishop, Lord Imperial",Male,Mutant,"Agility, Energy Absorption, Inertia Absorption, Insanely Rich, Intellect, Leadership, Stamina, Super Speed, Super Strength, Unarmed Combat"
55,Dormammu,,"Black Baron , Lord of the Dark Dimension, The Dread One, Flyx, Eater of Souls, Eternity, Fatine, The Great Enigma, Lord of Darkness, The Dread Dormammu",Male,God/Eternal,"Animation, Astral Projection, Berserker Strength, Blast Power, Chameleon, Claws, Cosmic Awareness, Death Touch, Density Control, Dimensional Manipulation, Earth Manipulation, Energy Absorption, Energy Based Constructs, Energy Manipulation, Energy Shield, Feral, Fire Control, Flight, Force Field, Healing, Heat Generation, Heat Vision, Illusion Casting, Immortal, Intellect, Invulnerability, Levitation, Longevity, Magic, Matter Absorption, Necromancy, Phasing / Ghost, Possession, Power Mimicry, Psionic, Psychometry, Reality Manpulation, Shape Shifter, Siphon Abilities, Siphon Lifeforce, Size Manipulation, Soul Absorption, Stamina, Super Speed, Super Strength, Swordsmanship, Telekinesis, Telepathy, Teleport, Time Manipulation, Time Travel, Tracking, Unarmed Combat, Water Control, Weapon Master, Weather Control"
56,Hobgoblin (Kingsley),Roderick Kingsley,"Roderick Kingsley, Hobgoblin, Devil-Spider",Male,Human,"Adaptive, Agility, Blast Power, Claws, Electricity Control, Gadgets, Heat Generation, Implants, Insanely Rich, Intellect, Leadership, Magic, Marksmanship, Power Suit, Stamina, Stealth, Super Sight, Super Speed, Super Strength, Tracking, Unarmed Combat, Weapon Master"
57,Scarecrow,Jonathan Crane,"Dr. Jonathan Crane, Master of Fear, The Sinister Scarecrow, Scarebeast, Ichabod Crane, Schrocken, Dr. Gruidae",Male,Human,"Emotion Control, Gadgets, Hypnosis, Illusion Casting, Intellect, Power Item, Stealth, Unarmed Combat, Weapon Master"
58,Riddler,Edward Nigma,"Edward Nigma, The Prince of Puzzles, Quizmaster, E. Nigma, Edward Nashton, Arthur Wynne, The Prince of Puzzlers, Edward E. Nygma, Mr. E.Nigma, The Crown Prince of Conundrums, Wizard of Quiz, The Puzzle King, Conundrum Champion, Mockingbird",Male,Human,"Chameleon, Escape Artist, Gadgets, Insanely Rich, Intellect, Leadership, Swordsmanship, Weapon Master"
59,Amanda Waller,Amanda Blake Waller,"Doctor Waller, Mama Waller, Mockingbird, Ms. Waller , White Queen, The Wall",Female,Human,"Agility, Intellect, Leadership, Marksmanship, Stamina, Stealth, Tracking, Unarmed Combat, Weapon Master"
60,Parasite,Rudolph C. Jones,"Rudy Jones, Maxwell Jensen, Raymond Jensen, The Parasite, Rudolph C. Jones",Male,Radiation,"Adaptive, Energy Absorption, Inertia Absorption, Matter Absorption, Radiation, Shape Shifter, Siphon Abilities, Siphon Lifeforce, Size Manipulation, Super Strength"
61,Lizard,Curtis Connors,"Curt Connors, Dr. Connors , The Lizard, Iguana",Male,Human,"Agility, Animal Control, Berserker Strength, Claws, Emotion Control, Escape Artist, Feral, Genetic Manipulation, Healing, Intellect, Invulnerability, Pheromone Control, Shape Shifter, Stamina, Sub-Mariner, Super Smell, Super Speed, Super Strength, Telepathy, Tracking, Unarmed Combat, Wall Clinger"
62,Leader,Samuel Sterns,"Cucumber Head, Leadster, Red Leader, Sam Sterns, Samuel Sterns, Reader, Thinker",Male,Radiation,"Blast Power, Flight, Gadgets, Intellect, Leadership, Possession, Power Suit, Precognition, Psionic, Psychic, Radiation, Telekinesis, Telepathy, Unarmed Combat"
63,Poison Ivy,Pamela Lillian Isley,"Dr. Pamela Isley, Dr. Paula Irving, Red, Green Piece, May Queen, Pammie, Redhead, Penelope Ivy, Lilly, Lillain Rose, Ivy Pepper, Pamela Lillian Isley",Female,Other,"Adaptive, Agility, Chemical Absorbtion, Chemical Secretion, Death Touch, Emotion Control, Genetic Manipulation, Healing, Hypnosis, Intellect, Marksmanship, Mesmerize, Pheromone Control, Plant Control, Poisonous, Prehensile Hair, Stamina, Stealth, Super Strength, Swordsmanship, Tracking, Unarmed Combat, Weapon Master"
64,Kang,Nathaniel Richards,"Nathaniel Richards, Kang The Conqueror, Kang The Supreme, Rama-Tut, Scarlet Centurion, Immortus, Iron Lad, Victor Timely, Kang Prime",Male,Human,"Blast Power, Electricity Control, Electronic Disruption, Energy Absorption, Energy Shield, Fire Control, Flight, Force Field, Gadgets, Gravity control, Holographic Projection, Immortal, Insanely Rich, Intellect, Invulnerability, Leadership, Levitation, Longevity, Magnetism, Marksmanship, Power Suit, Radar Sense, Stamina, Stealth, Super Strength, Swordsmanship, Telekinesis, Teleport, Time Manipulation, Time Travel, Unarmed Combat, Weapon Master"
65,Herr Starr,???? Starr,"Herr Starr , Allfather Starr, Sacred Executioner Starr",Male,Human,"Intellect, Leadership, Marksmanship, Weapon Master"
66,Mr. Freeze,Victor Fries,"Freeze, Mr. Zero, Mister Freeze, Victor Fries, Dr. Fries",Male,Mutant,"Blast Power, Gadgets, Ice Control, Immortal, Implants, Insanely Rich, Intellect, Leadership, Longevity, Marksmanship, Power Suit, Super Strength, Unarmed Combat"
67,Lucifer Morningstar,Samael,"""Samael, Lightbringer, The Mocker, Prince of Darkness, Lord of Hell, Agent of Heaven, Sunlighter, Dread Lord, Mister Lux, Prince of the East, Atse'Hashke, Shepherd of Suns, Great Prince, The Adversary, The Devil, Satan""",Male,God/Eternal,"Adaptive, Agility, Animation, Astral Projection, Berserker Strength, Blast Power, Chameleon, Cosmic Awareness, Darkforce Manipulation, Darkness Manipulation, Density Control, Dimensional Manipulation, Divine Powers, Earth Manipulation, Electricity Control, Feral, Fire Control, Flame Breath, Flight, Force Field, Genetic Manipulation, Gravity control, Healing, Heat Generation, Hellfire Control, Hypnosis, Illusion Casting, Immortal, Inertia Absorption, Insanely Rich, Intellect, Invisibility, Invulnerability, Leadership, Light Projection, Longevity, Magic, Necromancy, Power Mimicry, Psionic, Psychic, Psychometry, Reality Manpulation, Sense Death, Shape Shifter, Siphon Abilities, Size Manipulation, Soul Absorption, Stamina, Super Hearing, Super Sight, Super Smell, Super Speed, Super Strength, Swordsmanship, Telekinesis, Teleport, Time Manipulation, Time Travel, Unarmed Combat, Vampirism, Voice-induced Manipulation, Weapon Master"
68,Cheetah (Minerva),Barbara Ann Minerva,"Barbara Ann Minerva, Bride of Urzkartaga, Priscilla Rich, Deborah Domaine, Sabrina Ballesteros",Female,Human,"Agility, Animal Control, Berserker Strength, Claws, Divine Powers, Escape Artist, Feral, Immortal, Insanely Rich, Intellect, Leadership, Sense Death, Shape Shifter, Stamina, Stealth, Super Hearing, Super Sight, Super Smell, Super Speed, Super Strength, Tracking, Unarmed Combat, Weapon Master"
69,N/A,N/A,,N/A,N/A,
70,Thunderbolt Ross,Thaddeus E. Ross,"Thaddeus E. Ross, Thad Ross, General Ross, Hulk, New Hulk, Red Hulk, Rulk, War, War Machine, Thing",Male,Radiation,"Agility, Berserker Strength, Blast Power, Energy Absorption, Feral, Healing, Heat Generation, Immortal, Implants, Intellect, Invulnerability, Leadership, Longevity, Marksmanship, Radiation, Shape Shifter, Stamina, Super Speed, Super Strength, Unarmed Combat, Weapon Master"
71,Sandman,William Baker,"William Baker, Flint Marko, Mr. Sandman, Sylvester Mann, Quarryman, Sandmanatee, Sandstorm",Male,Radiation,"Adaptive, Animation, Chemical Absorbtion, Density Control, Duplication, Escape Artist, Flight, Invulnerability, Matter Absorption, Sand manipulation, Shape Shifter, Size Manipulation, Stamina, Super Strength, Unarmed Combat"
72,Clayface (Karlo),Basil Karlo,Basil Karlo,Male,Mutant,"Berserker Strength, Chameleon, Claws, Duplication, Elasticity, Healing, Inertia Absorption, Shape Shifter, Size Manipulation, Stamina, Super Strength, Tracking, Unarmed Combat"
73,Saint of Killers,,Angel of Death,Male,God/Eternal,"Immortal, Invulnerability, Longevity, Marksmanship, Stamina, Tracking, Unarmed Combat, Weapon Master"
74,Magog,David Reid,"Lance, Lance Corporal David Reid, The New Man of Tomorrow, Wonderstar",Male,Human,"Blast Power, Invulnerability, Power Item, Stamina, Super Strength, Unarmed Combat, Weapon Master"
75,Mr. Mxyzptlk,Unknown,"Mxy, Mixed Pickles, Imp, Mister Mxyzptlk, Super-Mite, Loki, Kltpzyxm, Greg , Clark Kent, Ruppletat, Mr. Mxyztplk, Mister Mxyztplk",Male,God/Eternal,"Agility, Animation, Astral Projection, Blast Power, Chameleon, Cosmic Awareness, Density Control, Dimensional Manipulation, Duplication, Elasticity, Energy-Enhanced Strike, Fire Control, Flight, Force Field, Genetic Manipulation, Gravity control, Healing, Ice Control, Immortal, Insanely Rich, Invulnerability, Levitation, Longevity, Magic, Necromancy, Phasing / Ghost, Power Mimicry, Reality Manpulation, Shape Shifter, Telekinesis, Teleport, Time Manipulation, Time Travel, Voice-induced Manipulation, Weather Control, Willpower-Based Constructs"
76,Proteus,Kevin MacTaggert,"Kevin MacTaggert, Angus MacWhirter, Calvin Rankin, Changeling, Gilbert Benson, Hulk, Jennie Banks, Joe MacTaggert, John Eisenhart, John Tensen, Justice, Kevin Sidney, Mutant X, Mimic, Morph, Net Prophet",Male,Mutant,"Astral Projection, Blast Power, Density Control, Dimensional Manipulation, Electricity Control, Energy Absorption, Invulnerability, Levitation, Longevity, Matter Absorption, Phasing / Ghost, Possession, Psionic, Psychic, Reality Manpulation, Shape Shifter, Siphon Abilities, Siphon Lifeforce, Telepathy, Teleport"
77,Lady Deathstrike,Yuriko Oyama,Yuriko Oyama,Female,Cyborg,"Agility, Claws, Electronic interaction, Healing, Implants, Intellect, Longevity, Stamina, Stealth, Super Speed, Super Strength, Swordsmanship, Unarmed Combat"
78,Mirror Master (McCulloch),Evan McCulloch,"MirrorMaster, Evan McCulloch",Male,Human,"Blast Power, Dimensional Manipulation, Gadgets, Holographic Projection, Hypnosis, Illusion Casting, Intellect, Light Projection, Marksmanship, Power Item, Reality Manpulation, Size Manipulation, Unarmed Combat, Weapon Master"
79,Prometheus,Unknown,"Retro, The Darker Knight, Anti-Batman, Chad Graham, Shazam, Matt Dell, Adrian Chase",Male,Human,"Adaptive, Agility, Blast Power, Chameleon, Dimensional Manipulation, Electronic Disruption, Electronic interaction, Escape Artist, Gadgets, Hypnosis, Implants, Insanely Rich, Intellect, Poisonous, Power Item, Power Suit, Stealth, Super Strength, Swordsmanship, Teleport, Unarmed Combat, Weapon Master"
80,Mandarin,Khan,"Gene Khan, Zhang Tong, Tem Borjigin, Chu, Xu Wenwu, The Warrior King, Master Khan, The Most Dangerous Man on Earth",Male,Human,"Blast Power, Darkness Manipulation, Electricity Control, Energy Based Constructs, Energy-Enhanced Strike, Feral, Fire Control, Flight, Force Field, Genetic Manipulation, Healing, Heat Generation, Holographic Projection, Ice Control, Illusion Casting, Insanely Rich, Intellect, Invisibility, Invulnerability, Leadership, Levitation, Light Projection, Longevity, Magnetism, Matter Absorption, Phasing / Ghost, Power Item, Psionic, Psychic, Radiation, Stamina, Super Hearing, Super Sight, Super Strength, Telekinesis, Teleport, Unarmed Combat, Vibration Wave, Wind Bursts"
81,Dr. Sivana,Thaddeus Bodog Sivana,"""Thaddeus Bodog Sivana, Doctor Sivana, Dr. Sivana, Sivana, The World's Wickedest Scientist""",Male,Human,"Gadgets, Intellect, Leadership, Magic, Stamina, Stealth"
82,Grigori Rasputin,Grigori Yefimovich Rasputin,"Grigori Efimovich Rasputin, The Master, Mad Monk, Grishka",Male,Human,"Blast Power, Healing, Immortal, Intellect, Leadership, Magic, Necromancy, Phasing / Ghost"
83,Arthur Light,Arthur Light,"Arthur Light, Doctor Light, Dr. Light, Dr Light",Male,Human,"Blast Power, Energy Absorption, Energy Based Constructs, Energy Manipulation, Flight, Force Field, Gadgets, Illusion Casting, Intellect, Invisibility, Light Projection"
84,Mysterio,Quentin Beck,"Daniel Berkhart, Dr. Ludwig Rinehart, Mysterium , Nicholas Macabes, Gerdes , Fish Bowl, Quentin Beck",Male,Human,"Animation, Escape Artist, Gadgets, Holographic Projection, Hypnosis, Illusion Casting, Intellect, Invisibility, Magic, Power Suit, Stamina, Teleport, Unarmed Combat, Weapon Master"
85,The Governor,Brian Blake,Philip Blake,Male,Human,"Leadership, Weapon Master"
86,Electro,Maxwell Dillon,"Max Dillon, Master of Electricity, Human Torch, Jolt",Male,Human,"Agility, Blast Power, Electricity Control, Electronic Disruption, Energy Absorption, Energy Based Constructs, Energy Manipulation, Energy Shield, Energy-Enhanced Strike, Flight, Intellect, Stamina, Super Speed, Super Strength, Unarmed Combat"
87,N/A,N/A,,N/A,N/A,
88,Shade,Richard Swift,"Richard Swift , James Black, Louie Fox, Mr. Black , ""Dicky"", The Shade , The Duke of Darkness, Dickie Swift, The Dark Colossus",Male,Human,"Astral Projection, Darkforce Manipulation, Darkness Manipulation, Dimensional Manipulation, Energy Absorption, Flight, Healing, Illusion Casting, Immortal, Insanely Rich, Levitation, Magic, Phasing / Ghost, Shadowmeld, Shape Shifter, Stealth, Swordsmanship, Teleport, Time Manipulation, Time Travel, Willpower-Based Constructs"
89,Carnage,Carnage,"Cletus Kasady, Tanis Nieves, Ben Reilly, Norrin Radd, Peter Parker, John Jameson, Spider-Man, Spider-Carnage, The Spider, Prick!, Inmate 24739, Gwen Stacy",Male,God/Eternal,"Adaptive, Agility, Berserker Strength, Chameleon, Chemical Absorbtion, Claws, Cosmic Awareness, Danger Sense, Darkforce Manipulation, Death Touch, Dimensional Manipulation, Divine Powers, Duplication, Earth Manipulation, Elasticity, Electricity Control, Feral, Flight, Genetic Manipulation, Healing, Immortal, Intellect, Invisibility, Invulnerability, Longevity, Phasing / Ghost, Power Mimicry, Power Suit, Psionic, Psychic, Radar Sense, Shape Shifter, Siphon Lifeforce, Size Manipulation, Stamina, Stealth, Sub-Mariner, Super Speed, Super Strength, Unarmed Combat, Wall Clinger, Weapon Master, Webslinger"
90,N/A,N/A,,N/A,N/A,
91,Omni-Man,Nolan,Nolan Grayson,Male,Alien,"Agility, Flight, Healing, Invulnerability, Longevity, Stamina, Super Speed, Super Strength, Unarmed Combat"
92,Annihilus,Annihilus,"Nihil, Ahmyor, Annihil Us, Lord of the Negative Zone, The Living Death That Walks",Male,Alien,"Adaptive, Agility, Blast Power, Claws, Energy Absorption, Energy Manipulation, Energy Shield, Energy-Enhanced Strike, Enhance Mutation, Feral, Flight, Force Field, Gadgets, Healing, Immortal, Implants, Intellect, Invulnerability, Leadership, Longevity, Omni-lingual, Power Item, Power Suit, Stamina, Super Sight, Super Speed, Super Strength, Teleport, Unarmed Combat"
93,Omega Red,Arkady Rossovich,"Arkady Rossovich, Vasyliev Arkady, Arkady Gregorivich, President of the Doctor Octopus Fan Club",Male,Mutant,"Agility, Chemical Secretion, Death Touch, Healing, Implants, Intellect, Invulnerability, Leadership, Siphon Lifeforce, Stamina, Super Strength, Unarmed Combat"
94,Despero,Despero,"Despero the Reborn, Destroyer of Worlds",Male,Alien,"Astral Projection, Blast Power, Claws, Energy Manipulation, Enhance Mutation, Flight, Healing, Heat Vision, Hypnosis, Illusion Casting, Invulnerability, Possession, Psionic, Reality Manpulation, Stamina, Super Speed, Super Strength, Telekinesis, Telepathy, Teleport, Unarmed Combat"
95,Violator,Violator,"Clown, Violator, Heart Surgeon",Male,God/Eternal,"Agility, Berserker Strength, Claws, Cosmic Awareness, Divine Powers, Energy Manipulation, Feral, Flame Breath, Hellfire Control, Immortal, Intellect, Invulnerability, Leadership, Longevity, Necromancy, Phasing / Ghost, Possession, Power Mimicry, Reality Manpulation, Shape Shifter, Size Manipulation, Stamina, Super Speed, Super Strength, Telepathy, Teleport, Time Manipulation, Unarmed Combat"
96,Mastermind,Jason Wyngarde,"Jason Wyngarde, Nikos, The Great Illusionist, Mutant 143",Male,Mutant,"Chameleon, Illusion Casting, Mesmerize, Telepathy, Unarmed Combat"
97,Fin Fang Foom,Fin Fang Foom,"He Whose Limbs Shatter Mountains, and Whose Back Scrapes the Sun, Lord Foom, Sleeping Dragon",Male,Alien,"Berserker Strength, Blast Power, Chemical Secretion, Claws, Feral, Flame Breath, Flight, Healing, Immortal, Invulnerability, Longevity, Shape Shifter, Size Manipulation, Super Strength, Telepathy, Unarmed Combat"
98,M.O.D.O.K.,George Tarleton,"George Tarleton, Mental Organism Designed Only For Killing, Damocles Rivas, M.O.D.O.C., Mental Organism Designed Only For Computing, Mental Organism Designed Only for Charisma, Mental Organism Designed Only For Kristmas, Scientist Supreme, Mental Organism Designe",Male,Cyborg,"Agility, Blast Power, Electronic Disruption, Electronic interaction, Empathy, Flight, Force Field, Gadgets, Heat Generation, Illusion Casting, Intellect, Leadership, Levitation, Longevity, Psionic, Psychic, Technopathy, Telekinesis, Telepathy, Weapon Master"
